排名,关键词,出现次数
1,java,244
2,python,178
3,数据,158
4,产品,153
5,工程师,152
6,经理,150
7,开发,118
8,分析师,108
9,前端开发,107
10,双休,72
11,前端,45
12,数据分析,45
13,面试,39
14,线上,31
15,经验,30
16,一金,27
17,方向,27
18,实习生,24
19,react,22
20,ai,21
21,五险,21
22,web,20
23,接受,19
24,初级,17
25,高级,16
26,c++,15
27,项目,15
28,助理,13
29,测试,12
30,14,10
31,vue,10
32,中级,10
33,京东,10
34,全额,10
35,大厂,10
36,现场,10
37,电商,9
38,软件开发,9
39,16,8
40,26,8
41,周末,8
42,实习,8
43,核心,8
44,模型,8
45,短期,8
46,跨境,8
47,反馈,7
48,广州,7
49,专员,6
50,兼职,6
51,北京,6
52,后端,6
53,外派,6
54,届春招,6
55,急招,6
56,量化,6
57,2025,5
58,django,5
59,以上,5
60,同学,5
61,工作,5
62,急聘,5
63,社保,5
64,算法,5
65,金融,5
66,25,4
67,base,4
68,h5,4
69,mysql,4
70,健康险,4
71,全国,4
72,全薪,4
73,公积金,4
74,六险,4
75,券商,4
76,国企,4
77,应届生,4
78,待遇,4
79,技术,4
80,招生,4
81,校招,4
82,深圳,4
83,珠海,4
84,留用,4
85,研发,4
86,管培生,4
87,自动化,4
88,自研,4
89,转正,4
90,运营,4
91,银行,4
92,agent,3
93,excel,3
94,pandas,3
95,sql,3
96,上班,3
97,供应链,3
98,信贷,3
99,初级产品,3
100,平台,3
101,杭州,3
102,治理,3
103,资深,3
104,10,2
105,10k,2
106,15k,2
107,2026,2
108,3d,2
109,7h,2
110,9000,2
111,a160760,2
112,aiagent,2
113,android,2
114,cad,2
115,ceo,2
116,iaa,2
117,it,2
118,j004570,2
119,j12032,2
120,j14768,2
121,lm,2
122,meg,2
123,pm,2
124,powerbi,2
125,rpa,2
126,saas,2
127,spss,2
128,stata,2
129,temu,2
130,vue3,2
131,wlb,2
132,wms,2
133,一轮,2
134,上市,2
135,上海,2
136,下班,2
137,业财,2
138,东方,2
139,东莞,2
140,主程,2
141,亚马逊,2
142,交易,2
143,产品开发,2
144,人才,2
145,仓储,2
146,企划,2
147,优先,2
148,住宿,2
149,体育,2
150,便利店,2
151,光大,2
152,内部,2
153,凯奇,2
154,出境游,2
155,分析,2
156,初中,2
157,包吃,2
158,包餐,2
159,发展,2
160,可小白,2
161,后续,2
162,含五险,2
163,品类,2
164,商旅,2
165,团建,2
166,在家,2
167,地域,2
168,外企,2
169,外汇,2
170,多地,2
171,天猫,2
172,失败,2
173,头部,2
174,宁波,2
175,客服,2
176,导师,2
177,小说,2
178,届校,2
179,岗位,2
180,市场,2
181,带教,2
182,年终,2
183,年终奖,2
184,应届,2
185,应用,2
186,底薪,2
187,影院,2
188,德邦,2
189,必须,2
190,快递,2
191,急急,2
192,总部,2
193,手术,2
194,护肤,2
195,招聘,2
196,推荐,2
197,提供,2
198,提前,2
199,效率,2
200,敏感,2
201,数智,2
202,无责,2
203,易过,2
204,智驾,2
205,服务,2
206,木屋,2
207,机器学习,2
208,框架,2
209,正式,2
210,正编,2
211,每月,2
212,氛围,2
213,汽车,2
214,洗护,2
215,派出,2
216,流程,2
217,游戏,2
218,点半,2
219,烧烤,2
220,热爱,2
221,熟悉,2
222,牛肉,2
223,甄选,2
224,电动,2
225,电动工具,2
226,番茄,2
227,百度,2
228,直带,2
229,短剧,2
230,福利,2
231,程序员,2
232,程序开发,2
233,策略,2
234,管培,2
235,红果,2
236,综合,2
237,美妆,2
238,老师,2
239,考公,2
240,考研,2
241,职五险,2
242,联通,2
243,背包,2
244,自动,2
245,舆情,2
246,节假日,2
247,裸眼,2
248,见习,2
249,计量,2
250,证券,2
251,试用期,2
252,语言,2
253,调味酱,2
254,负责人,2
255,资金,2
256,软件,2
257,远程,2
258,连锁,2
259,选品,2
260,重构,2
261,销售,2
262,长期,2
263,需求,2
264,食宿,2
265,驻场,2
266,驾驶,2
267,驾驶员,2
268,高薪,2
269,157,1
270,fastapi,1
271,javascript,1
272,js,1
273,numpy,1
274,prd,1
275,redis,1
276,spring boot,1
277,tableau,1
278,typescript,1
279,云图,1
280,产品规划,1
281,产品设计,1
282,代码,1
283,偏低,1
284,健康,1
285,免费,1
286,出差,1
287,售前,1
288,商城,1
289,增长策略,1
290,小红书,1
291,工程化,1
292,微服务,1
293,性能优化,1
294,房补,1
295,投顾,1
296,搭建,1
297,早餐,1
298,服务商,1
299,架构设计,1
300,标书,1
